id,serial,date,time,p1,p2,p3,pf1,pf2,pf3,v1,v2,v3,i1,i2,i3,kwh
6,8500,2019-02-26,20:03:57,6.014,5.426,3.048,0.982,1,0.875,133.5,132.7,131.1,45.81,40.69,26.49,3182
7,8500,2019-02-26,20:05:07,5.94,5.514,3.02,0.982,1,0.876,132.5,133.6,131,45.62,41.04,26.34,3182
8,8500,2019-02-26,20:06:18,5.951,5.519,3.009,0.982,1,0.875,132.8,133.8,130.8,45.61,41.03,26.27,3182
9,8500,2019-02-26,20:07:28,6.147,5.52,3,0.982,1,0.876,132.4,133.5,130,46.82,41.12,26.41,3182
10,8500,2019-02-26,20:08:38,6.097,5.501,3.034,0.989,1,0.875,132.2,133.4,131,46.54,41.02,26.43,3183
11,8500,2019-02-26,20:13:41,5.937,5.519,3.011,0.982,1,0.876,132.6,134,130.9,45.58,40.96,26.25,3184
12,8500,2019-02-26,20:26:36,5.956,5.457,3.055,0.982,1,0.876,133,133.3,131.5,45.57,40.74,26.44,3187
13,8500,2019-02-26,20:27:47,5.952,5.524,3.011,0.982,1,0.876,132.7,134,130.9,45.64,41,26.28,3187
14,8500,2019-02-26,20:28:57,5.95,5.521,3.007,0.982,1,0.875,132.6,133.8,130.8,45.64,41.03,26.28,3188
15,8500,2019-02-26,20:38:52,6.049,5.472,3.015,0.982,1,0.876,133.7,133.8,130.6,45.96,40.68,26.36,3190
16,8500,2019-02-26,20:44:02,6.138,5.457,3.06,0.986,1,0.876,133,133.7,132,46.56,40.6,26.37,3191
17,8500,2019-02-26,20:49:13,5.969,5.43,3.055,0.982,1,0.876,132.6,133,131.1,45.77,40.63,26.52,3193
18,8500,2019-02-26,20:54:23,6.006,5.503,2.995,0.982,1,0.875,133,133.5,130.3,45.91,41.01,26.3,3194
19,8500,2019-02-26,20:59:34,5.993,5.422,3.055,0.982,1,0.875,132.9,132.9,131.1,45.85,40.59,26.53,3195
20,8500,2019-02-26,21:04:44,6.038,5.466,3.013,0.982,1,0.875,133.7,133.5,130.7,45.89,40.74,26.34,3197
21,8500,2019-02-26,21:09:55,5.987,5.435,3.061,0.991,1,0.875,133.2,133.4,132,45.7,40.54,26.39,3198
22,8500,2019-02-26,21:15:05,5.974,5.432,3.056,0.983,1,0.875,132.8,132.7,131.3,45.74,40.73,26.49,3199
23,8500,2019-02-26,21:20:16,6.18,5.535,3.045,0.99,1,0.875,133,132.8,130.8,46.87,41.38,26.56,3200
24,8500,2019-02-26,21:25:26,5.939,5.625,3.006,0.983,1,0.875,132,133.4,130.5,45.78,41.85,26.36,3202
25,8500,2019-02-26,21:30:36,6.149,5.627,3.001,0.99,1,0.875,132.3,133.6,129.7,46.89,41.79,26.48,3203
26,8500,2019-02-26,21:35:47,5.979,5.525,3.059,0.983,1,0.875,132.4,132.5,131.1,45.91,41.4,26.55,3204
27,8500,2019-02-26,21:40:57,6.169,5.605,3.006,0.983,1,0.875,132.4,133.4,130.3,47.01,41.72,26.38,3205
28,8500,2019-02-26,21:46:08,6.036,5.431,3.033,0.983,1,0.875,133.1,133,130.8,46.08,40.61,26.48,3206
29,8500,2019-02-26,21:51:18,5.988,5.488,2.996,0.983,1,0.875,132.2,133.6,130,46.05,40.88,26.39,3208
30,8500,2019-02-26,21:56:29,6.018,5.469,3.001,0.988,1,0.875,132.8,133.4,130.3,46.06,40.77,26.34,3209
31,8500,2019-02-26,22:01:39,5.952,5.502,2.991,0.983,1,0.875,131.9,133.9,130.6,45.89,40.86,26.22,3210
32,8500,2019-02-26,22:06:50,6.186,5.424,3.022,0.99,1,0.875,132.8,133.1,130.7,46.96,40.54,26.4,3212
33,8500,2019-02-26,22:12:00,6.003,5.459,2.998,0.982,1,0.875,132.2,133,129.9,46.17,40.85,26.41,3213
34,8500,2019-02-26,22:17:10,6.148,5.468,2.991,0.99,1,0.874,131.8,133.3,130.1,47.05,40.83,26.34,3214
35,8500,2019-02-26,22:22:21,5.919,5.409,3.04,0.982,1,0.874,131.6,132.5,131.4,45.76,40.62,26.39,3215
36,8500,2019-02-26,22:27:31,6.158,5.465,2.99,0.982,1,0.874,132.3,132.8,130,46.96,40.94,26.35,3217
37,8500,2019-02-26,22:32:42,6.001,5.402,3.036,0.982,1,0.874,132.7,132.3,130.6,46,40.66,26.53,3218
38,8500,2019-02-26,22:37:52,5.926,5.498,3.014,0.982,1,0.874,132,133.5,131.9,45.69,40.95,26.14,3219
39,8500,2019-02-26,22:43:03,5.926,5.484,3.032,0.99,1,0.874,132.1,133.6,132.7,45.65,40.84,26.11,3220
40,8500,2019-02-26,22:48:13,0,0,0,0.982,1,0.874,134.2,134.8,134.2,0,0,0,3222
41,8500,2019-02-26,22:53:24,0,0,0,0,0,0,134.2,135.6,133.8,0,0,0,3222
42,8500,2019-02-26,22:58:34,0,0,0,0,0,0,134.5,135.8,133.9,0,0,0,3222
43,8500,2019-02-26,23:03:44,0,0,0,0,0,0,134.9,135.5,135.1,0,0,0,3222
44,8500,2019-02-26,23:08:55,0,0,0,0,0,0,135.1,136.1,134.3,0,0,0,3222
45,8500,2019-02-26,23:14:05,0,0,0,0,0,0,135.4,135.1,135.3,0,0,0,3222
46,8500,2019-02-26,23:19:16,0,0,0,0,0,0,136,135.7,134.4,0,0,0,3222
47,8500,2019-02-26,23:24:26,0,0,0,0,0,0,135,136.2,134.8,0,0,0,3222
48,8500,2019-02-26,23:29:37,0,0,0,0,0,0,134.6,135.4,133.6,0,0,0,3222
49,8500,2019-02-26,23:34:47,3.372,3.274,1.432,0.931,0.989,0.883,134.3,133.8,133.1,26.4,24.37,11.92,3222
50,8500,2019-02-26,23:39:58,3.499,3.327,1.473,0.96,1,0.917,134.3,133.6,133.1,27.09,24.67,12.04,3223
51,8500,2019-02-26,23:45:08,3.518,3.339,1.473,0.962,1,0.919,134.4,133.7,133.4,27.16,24.73,11.99,3224
52,8500,2019-02-26,23:50:18,3.457,3.365,1.477,0.962,1,0.92,132.9,134,133.7,27.01,24.86,12,3224
53,8500,2019-02-26,23:55:29,3.461,3.359,1.475,0.963,1,0.92,132.8,134,133.6,27.05,24.82,11.99,3225
54,8500,2019-02-27,00:00:39,3.458,3.343,1.479,0.963,1,0.92,133,133.9,133.8,26.99,24.73,12,3226
55,8500,2019-02-27,00:05:50,3.476,3.371,1.467,0.964,1,0.92,133.1,134.4,133.2,27.09,24.83,11.97,3226
56,8500,2019-02-27,00:11:00,3.511,3.313,1.482,0.964,1,0.92,134.1,133.4,133.5,27.13,24.58,12.04,3227
57,8500,2019-02-27,00:16:11,0.59,0,0,1,0,0,135,134.4,134.5,4.332,0,0,3228
58,8500,2019-02-27,00:21:21,0.593,0,0,1,0,0,134,135,135.1,4.385,0,0,3228
59,8500,2019-02-27,00:26:32,0.585,0,0,1,0,0,134,135.3,134.9,4.329,0,0,3228
60,8500,2019-02-27,00:31:42,0.587,0,0,1,0,0,135.1,134.3,134.5,4.304,0,0,3228
61,8500,2019-02-27,00:36:53,0.393,0,0,0.908,0,0,135.3,134.6,134.2,3.211,0,0,3228
62,8500,2019-02-27,00:42:03,0.589,0,0,0.942,0,0,134.2,135.4,134,4.354,0,0,3228
63,8500,2019-02-27,00:47:13,0.386,0,0,0.956,0,0,134.5,135.8,134.2,3.174,0,0,3228
64,8500,2019-02-27,00:52:24,0.389,0,0,0.907,0,0,134.6,135.1,135.1,3.178,0,0,3228
65,8500,2019-02-27,00:57:34,0.397,0,0,1,0,0,135.4,135.2,133.9,3.218,0,0,3228
66,8500,2019-02-27,01:02:45,0.393,0,0,0.907,0,0,135.4,134.5,134.1,3.203,0,0,3228
67,8500,2019-02-27,01:07:55,0.587,0,0,1,0,0,135.1,135.3,134.1,4.308,0,0,3228
68,8500,2019-02-27,01:13:06,0.395,0,0,0.908,0,0,134.8,135.1,133.6,3.208,0,0,3228
69,8500,2019-02-27,01:18:16,0.584,0,0,1,0,0,134.2,135.3,135,4.312,0,0,3228
70,8500,2019-02-27,01:23:27,0.387,0,0,0.907,0,0,134.2,134.9,134.8,3.188,0,0,3228
71,8500,2019-02-27,01:28:37,0.596,0,0,0.906,0,0,134.5,135.8,133.8,4.391,0,0,3228
72,8500,2019-02-27,01:33:47,0.394,0,0,0.945,0,0,135.3,135,134,3.213,0,0,3228
73,8500,2019-02-27,01:38:58,0.385,0,0,0.906,0,0,134.2,135.9,134,3.171,0,0,3228
74,8500,2019-02-27,01:44:08,0.585,0,0,1,0,0,134.9,134.5,135.1,4.295,0,0,3228
75,8500,2019-02-27,01:49:19,0.384,0,0,0.906,0,0,134.6,135.2,134.9,3.17,0,0,3228
76,8500,2019-02-27,01:54:29,0.587,0,0,1,0,0,134.8,135.7,133.8,4.312,0,0,3228
77,8500,2019-02-27,01:59:39,0.394,0,0,0.906,0,0,135.4,134.7,134.7,3.207,0,0,3229
78,8500,2019-02-27,02:04:50,0.598,0,0,0.927,0,0,134.6,135.3,135.2,4.406,0,0,3229
79,8500,2019-02-27,02:10:00,0.385,0,0,0.907,0,0,134.5,135.1,135.3,3.165,0,0,3229
80,8500,2019-02-27,02:15:11,0.388,0,0,0.906,0,0,135.1,135,135.3,3.18,0,0,3229
81,8500,2019-02-27,02:20:21,0.586,0,0,1,0,0,134.8,135.7,134.1,4.309,0,0,3229
82,8500,2019-02-27,02:25:32,0.39,0,0,0.906,0,0,135.8,134.8,135.1,3.171,0,0,3229
83,8500,2019-02-27,02:30:42,0.593,0,0,1,0,0,135.3,135.8,134.1,4.342,0,0,3229
84,8500,2019-02-27,02:35:53,0.389,0,0,0.906,0,0,134.5,135.8,135,3.21,0,0,3229
85,8500,2019-02-27,02:41:03,0.391,0,0,0.906,0,0,135.5,135.9,134.4,3.175,0,0,3229
86,8500,2019-02-27,02:46:13,0.391,0,0,0.905,0,0,135.3,135.9,134.2,3.202,0,0,3229
87,8500,2019-02-27,02:51:24,0.389,0,0,0.905,0,0,134.7,136.2,134.5,3.187,0,0,3229
88,8500,2019-02-27,02:56:34,0.584,0,0,1,0,0,134.6,135.2,135.2,4.3,0,0,3229
89,8500,2019-02-27,03:01:45,0.393,0,0,0.902,0,0,135.2,135.7,134.2,3.207,0,0,3229
90,8500,2019-02-27,03:06:55,0.602,0,0,0.905,0,0,135.3,135.5,134.2,4.411,0,0,3229
91,8500,2019-02-27,03:12:06,0.388,0,0,0.905,0,0,134.9,136.1,134.6,3.173,0,0,3229
92,8500,2019-02-27,03:17:16,0.387,0,0,0.905,0,0,134.9,135.3,135.5,3.171,0,0,3229
93,8500,2019-02-27,03:22:27,0.581,0,0,1,0,0,134.5,136.1,135.2,4.28,0,0,3229
94,8500,2019-02-27,03:27:37,0.39,0,0,0.905,0,0,135.6,135.4,135.5,3.189,0,0,3229
95,8500,2019-02-27,03:32:47,0.589,0,0,1,0,0,134.5,136.1,134.8,4.336,0,0,3229
96,8500,2019-02-27,03:37:58,0.388,0,0,0.905,0,0,135,136.1,134.3,3.173,0,0,3229
97,8500,2019-02-27,03:43:08,0.391,0,0,0.904,0,0,134.9,135.4,135.6,3.201,0,0,3229
98,8500,2019-02-27,03:48:19,0.581,0,0,1,0,0,134.9,135.1,135.5,4.268,0,0,3229
99,8500,2019-02-27,03:53:29,0.39,0,0,0.905,0,0,134.7,136.2,134.9,3.196,0,0,3229
100,8500,2019-02-27,03:58:40,0.586,0,0,1,0,0,134.4,135.7,135.4,4.323,0,0,3229
101,8500,2019-02-27,04:03:50,0.392,0,0,0.905,0,0,135.7,135,135,3.203,0,0,3229
102,8500,2019-02-27,04:09:00,0.396,0,0,0.904,0,0,135.8,135.4,134.6,3.212,0,0,3230
103,8500,2019-02-27,04:14:11,0.59,0,0,1,0,0,135.3,135.1,135.5,4.321,0,0,3230
104,8500,2019-02-27,04:19:21,0.385,0,0,0.904,0,0,135.2,135.4,135.6,3.157,0,0,3230
105,8500,2019-02-27,04:24:32,0.385,0,0,0.904,0,0,134.9,135.6,135.6,3.166,0,0,3230
106,8500,2019-02-27,04:29:42,0.386,0,0,0.919,0,0,135,136.4,134.7,3.172,0,0,3230
107,8500,2019-02-27,04:34:53,0.388,0,0,0.904,0,0,134.7,136.1,134.4,3.19,0,0,3230
108,8500,2019-02-27,04:40:03,0.587,0,0,1,0,0,135.1,135.8,134.4,4.308,0,0,3230
109,8500,2019-02-27,04:45:13,0.386,0,0,0.905,0,0,134.7,135.1,135.2,3.175,0,0,3230
110,8500,2019-02-27,04:50:24,0.388,0,0,0.904,0,0,135,135,135.3,3.187,0,0,3230
111,8500,2019-02-27,04:55:34,0.386,0,0,1,0,0,134.7,135,135.2,3.163,0,0,3230
112,8500,2019-02-27,05:00:45,0.383,0,0,0.904,0,0,134.7,134.8,135.1,3.143,0,0,3230
113,8500,2019-02-27,05:05:55,5.028,4.776,2.714,0.963,0.961,0.835,133.5,133.3,133.9,38.99,36.96,24.06,3230
114,8500,2019-02-27,05:11:06,5.94,5.559,3.031,0.977,1,0.867,134,132.8,133,45.29,41.64,26.18,3231
115,8500,2019-02-27,05:16:16,5.924,5.585,3.065,0.979,1,0.871,133.2,132.9,133.6,45.39,41.75,26.24,3233
116,8500,2019-02-27,05:21:27,6.071,5.606,3.06,0.989,1,0.872,132.5,132.9,133.4,46.32,41.89,26.24,3234
117,8500,2019-02-27,05:26:37,6.007,5.579,3.034,0.98,1,0.872,133.4,132.9,132.6,45.84,41.7,26.2,3235
118,8500,2019-02-27,05:31:47,5.924,5.664,3.017,0.98,1,0.873,132.5,133.8,132.8,45.59,42.04,26.03,3236
119,8500,2019-02-27,05:36:58,6.011,5.522,3.007,0.989,1,0.872,133.3,133.6,132.3,45.9,41.13,26.09,3238
120,8500,2019-02-27,05:42:08,5.982,5.544,3.003,0.981,1,0.872,133.2,133.9,132.4,45.75,41.2,26.03,3239
121,8500,2019-02-27,05:47:19,6.169,5.461,3.05,0.981,1,0.872,133.2,132.9,133,46.76,40.92,26.2,3240
122,8500,2019-02-27,05:52:29,5.962,5.543,3.001,0.981,1,0.872,133,133.9,132.5,45.69,41.17,26,3241
123,8500,2019-02-27,05:57:40,6.006,5.461,3.037,0.981,1,0.873,133.5,132.8,132.8,45.82,40.92,26.18,3243
124,8500,2019-02-27,06:02:50,6.104,5.465,3.058,0.989,1,0.872,132.7,132.9,133.5,46.46,40.92,26.17,3244
125,8500,2019-02-27,06:08:00,5.93,5.533,2.985,0.981,1,0.871,132.2,133.5,131.2,45.72,41.22,26.14,3245
126,8500,2019-02-27,06:13:11,5.969,5.439,3.042,0.981,1,0.871,132.5,132.8,131.5,45.86,40.77,26.45,3246
127,8500,2019-02-27,06:18:21,6.163,5.499,2.997,0.989,1,0.872,132.9,134,131.2,46.82,40.84,26.22,3248
128,8500,2019-02-27,06:23:32,5.912,5.538,3.003,0.981,1,0.872,131.8,134.2,132.5,45.69,41.06,25.99,3249
129,8500,2019-02-27,06:28:42,6.087,5.526,3.009,0.981,1,0.872,131.6,134.2,131.5,46.73,40.95,26.22,3250
130,8500,2019-02-27,06:33:52,5.906,5.519,3.001,0.985,1,0.872,132,133.7,130.9,45.58,41.05,26.28,3251
131,8500,2019-02-27,06:39:03,5.964,5.417,3.032,0.981,1,0.872,133.1,132.7,130.8,45.63,40.62,26.52,3253
132,8500,2019-02-27,06:44:13,6.111,5.501,2.98,0.989,1,0.872,132.3,133.5,130.5,46.65,40.98,26.2,3254
133,8500,2019-02-27,06:49:24,5.946,5.405,3.029,0.981,1,0.872,132.9,132.7,131.2,45.57,40.53,26.38,3255
134,8500,2019-02-27,06:54:34,4.909,3.864,2.65,0.981,1,0.872,133.2,134.1,132.1,37.28,29.58,24.2,3257
135,8500,2019-02-27,06:59:45,5.083,3.864,2.655,0.996,0.974,0.825,133,134,132.1,38.32,29.58,24.23,3257
136,8500,2019-02-27,07:04:55,4.966,3.857,2.627,0.988,0.974,0.824,134,134.2,131.8,37.48,29.51,24.15,3259
137,8500,2019-02-27,07:10:05,4.908,3.868,2.646,0.988,0.974,0.824,133.1,134.1,132.2,37.31,29.59,24.18,3260
138,8500,2019-02-27,07:15:16,5.056,3.923,3.282,0.996,0.974,0.825,132.9,135.2,131.2,38.17,29.74,29.99,3261
139,8500,2019-02-27,07:20:26,4.923,3.913,3.266,0.988,0.974,0.836,133.2,134.7,130.3,37.38,29.75,30.05,3262
140,8500,2019-02-27,07:25:37,4.912,3.919,2.682,0.988,0.974,0.827,132.9,134.8,131,37.4,29.8,24.79,3263
141,8500,2019-02-27,07:30:47,4.972,3.872,2.707,0.994,0.974,0.829,134,134.1,131.4,37.51,29.63,24.89,3264
142,8500,2019-02-27,07:35:58,4.881,3.903,3.306,0.988,0.975,0.827,132.8,134,131.2,37.2,29.85,30.12,3265
143,8500,2019-02-27,07:41:08,5.143,3.851,2.7,0.988,0.974,0.827,133.6,133.5,131,38.59,29.6,24.94,3266
144,8500,2019-02-27,07:46:18,4.952,3.847,2.713,0.988,0.974,0.829,133.4,133.4,130.9,37.52,29.6,25.01,3267
145,8500,2019-02-27,07:51:29,4.948,3.885,2.676,0.988,0.974,0.827,133.6,134.5,130.4,37.45,29.63,24.88,3268
146,8500,2019-02-27,07:56:39,5.096,3.846,2.736,0.996,0.974,0.827,132.9,133.5,131.3,38.46,29.57,25.08,3269
147,8500,2019-02-27,08:01:50,4.898,3.861,2.73,0.988,0.974,0.827,132.6,133.3,131.3,37.38,29.71,25.01,3270
148,8500,2019-02-27,08:07:00,4.929,3.84,2.721,0.988,0.974,0.827,133.3,133.1,130.9,37.42,29.63,25.02,3271
149,8500,2019-02-27,08:12:11,5.073,3.856,2.729,0.996,0.974,0.827,132.9,133.4,131.7,38.29,29.64,24.95,3272
150,8500,2019-02-27,08:17:21,4.912,3.854,2.654,0.987,0.974,0.825,133.5,133.8,132.4,37.23,29.56,24.18,3273
151,8500,2019-02-27,08:22:32,4.856,3.904,2.628,0.988,0.974,0.825,132.1,134.2,131.5,37.2,29.83,24.17,3274
152,8500,2019-02-27,08:27:42,5.043,3.875,2.643,0.996,0.974,0.825,132.4,133.9,131.9,38.21,29.69,24.18,3275
153,8500,2019-02-27,08:32:52,4.948,3.849,2.628,0.988,0.974,0.825,132.8,133.2,130.7,37.65,29.66,24.3,3276
154,8500,2019-02-27,08:38:03,5.113,3.951,2.657,0.988,0.983,0.826,132.6,132.7,131.2,38.68,30.29,24.4,3277
155,8500,2019-02-27,08:43:13,4.874,3.99,2.637,0.991,0.983,0.826,132.2,133.4,131.7,37.3,30.39,24.19,3278
156,8500,2019-02-27,08:48:24,4.968,3.863,2.634,0.988,0.983,0.825,133.6,133.4,131.2,37.59,29.7,24.28,3279
157,8500,2019-02-27,08:53:34,5.061,3.913,2.605,0.994,0.974,0.825,132.7,134.4,131.5,38.25,29.82,24.06,3280
158,8500,2019-02-27,08:58:45,4.888,3.858,2.655,0.988,0.974,0.826,132.7,133.4,131.4,37.25,29.66,24.35,3281
159,8500,2019-02-27,09:03:55,5.049,3.898,2.606,0.988,0.974,0.826,133,134.2,130.4,38.39,29.77,24.24,3282
160,8500,2019-02-27,09:09:05,6.368,3.897,2.647,1,0.974,0.825,131.2,134.1,132,48.42,29.8,24.29,3283
161,8500,2019-02-27,09:14:16,5.043,3.851,2.669,0.988,0.974,0.826,130.6,130.6,128.6,38.99,30.21,24.92,3284
162,8500,2019-02-27,09:19:26,5.148,3.997,2.64,0.991,0.975,0.826,131.9,133.9,131.9,39.14,30.59,24.21,3285
163,8500,2019-02-27,09:24:37,5.07,4.012,2.606,0.988,0.985,0.829,132.7,134.2,130.8,38.61,30.63,24.21,3286
164,8500,2019-02-27,09:29:47,5.048,3.998,2.61,0.988,0.975,0.827,132.7,134,130.4,38.45,30.57,24.26,3287
165,8500,2019-02-27,09:34:58,5.204,4.006,2.612,0.996,0.975,0.826,132.6,134,130.3,39.37,30.64,24.32,3288
166,8500,2019-02-27,09:40:08,5.042,3.958,2.649,0.988,0.975,0.826,133.7,133.7,131.6,38.14,30.39,24.29,3289
167,8500,2019-02-27,09:50:31,4.995,4.031,2.639,0.988,0.975,0.827,132.9,134.9,132.2,38,30.61,24.13,3291
168,8500,2019-02-27,09:55:41,5.086,3.996,2.637,0.988,0.975,0.827,133.9,133.9,131,38.36,30.56,24.33,3292
169,8500,2019-02-27,10:00:51,5.169,4.054,2.624,0.997,0.975,0.827,132.9,134,131.5,38.99,30.94,24.18,3293
170,8500,2019-02-27,10:06:02,5.021,3.987,2.665,0.988,0.976,0.827,133.2,133.6,131.9,38.11,30.59,24.31,3294
171,8500,2019-02-27,10:11:12,5.23,3.958,2.63,0.997,0.984,0.829,133.9,133.6,131.6,39.14,30.36,24.16,3295
172,8500,2019-02-27,10:21:30,5.262,4.012,2.626,0.991,0.975,0.827,133.7,134.3,131.1,39.45,30.6,24.25,3297
173,8500,2019-02-27,10:31:48,5.044,4.033,2.604,0.988,0.975,0.827,132.9,134.3,130.4,38.34,30.74,24.21,3299
174,8500,2019-02-27,10:36:58,5.252,3.992,2.641,0.997,0.976,0.827,133.5,133.8,131.3,39.4,30.58,24.28,3300
175,8500,2019-02-27,10:42:09,5.002,4.029,2.66,0.989,0.976,0.827,132.5,134.1,131.9,38.18,30.77,24.3,3301
176,8500,2019-02-27,10:47:19,5.062,4.02,2.617,0.989,0.976,0.828,133,134,130.4,38.45,30.71,24.28,3302
177,8500,2019-02-27,10:52:30,5.173,4.051,2.627,0.997,0.976,0.828,132.7,134.3,131.1,39.1,30.87,24.25,3303
178,8500,2019-02-27,11:02:52,5.238,4.127,2.619,0.997,0.977,0.829,133.1,133.5,130.4,39.44,31.38,24.33,3305
179,8500,2019-02-27,11:08:03,5.089,4.096,2.66,0.995,0.984,0.829,133.5,132.7,130.8,38.49,31.36,24.44,3306
180,8500,2019-02-27,11:13:13,5.051,4.159,2.618,0.989,0.984,0.829,132.9,134.1,130.6,38.39,31.5,24.26,3307
181,8500,2019-02-27,11:18:24,5.246,4.084,2.64,0.997,0.984,0.828,133.6,133,131.1,39.34,31.2,24.3,3308
182,8500,2019-02-27,11:28:46,5.22,4.048,2.623,0.989,0.976,0.828,132.3,134,130.5,39.57,30.89,24.31,3311
183,8500,2019-02-27,11:39:09,5.014,4.002,2.667,0.989,0.976,0.829,132.5,133.1,131.6,38.26,30.77,24.37,3313
184,8500,2019-02-27,11:44:19,5.215,4.038,2.616,0.997,0.976,0.828,132.5,133.8,130.7,39.45,30.88,24.21,3314
185,8500,2019-02-27,11:49:35,5.202,3.98,2.672,0.997,0.976,0.828,132.3,132.5,131.3,39.4,30.76,24.45,3315
186,8500,2019-02-27,11:54:45,5.008,4.007,2.663,0.989,0.976,0.829,132.5,133.1,131.8,38.21,30.82,24.3,3316
187,8500,2019-02-27,12:05:08,5.099,4.003,2.634,0.994,0.976,0.828,133,133.1,130.2,38.7,30.78,24.41,3318
188,8500,2019-02-27,12:15:26,5.244,3.975,2.75,0.997,0.976,0.83,133,132.6,131.6,39.51,30.69,25.09,3320
189,8500,2019-02-27,12:20:36,5.095,3.984,2.723,0.996,0.976,0.83,133.1,132.6,130.3,38.64,30.76,25.13,3321
190,8500,2019-02-27,12:25:47,5.293,3.998,2.712,0.991,0.976,0.83,133.2,133.1,130.9,39.81,30.73,24.98,3322
191,8500,2019-02-27,12:30:57,5.241,3.972,2.671,0.997,0.976,0.829,133,132.3,131.1,39.5,30.74,24.48,3323
192,8500,2019-02-27,12:36:07,5.086,3.969,2.656,0.989,0.976,0.829,133.3,132.6,131.2,38.51,30.66,24.34,3324
193,8500,2019-02-27,12:41:23,5.203,4,2.675,0.989,0.976,0.829,131.9,132.6,130.9,39.53,30.86,24.55,3325
194,8500,2019-02-27,12:46:33,5.239,3.973,2.676,0.997,0.976,0.829,133.2,132.7,131.4,39.42,30.65,24.45,3326
195,8500,2019-02-27,12:51:44,5.012,4.041,2.624,0.989,0.976,0.829,132.5,133.9,131,38.23,30.87,24.22,3327
196,8500,2019-02-27,12:56:54,5.203,3.988,2.674,0.992,0.976,0.829,132.6,132.6,131.7,39.33,30.77,24.38,3328
197,8500,2019-02-27,13:02:05,5.256,3.982,2.63,0.997,0.976,0.829,133.4,133.3,130.5,39.47,30.58,24.33,3329
198,8500,2019-02-27,13:07:15,5.107,3.997,2.64,0.989,0.977,0.829,133.5,133.3,130.4,38.6,30.7,24.42,3330
199,8500,2019-02-27,13:12:26,5.217,3.992,2.678,0.997,0.976,0.829,132.8,132.9,131.6,39.37,30.74,24.41,3331
200,8500,2019-02-27,13:17:36,5.212,4.032,2.689,0.997,0.976,0.83,133,133.2,130.8,39.25,30.93,24.82,3332
201,8500,2019-02-27,13:22:46,5.061,3.982,2.747,0.989,0.976,0.831,133.5,132.6,131.5,38.31,30.72,25.03,3333
202,8500,2019-02-27,13:27:57,5.284,3.984,2.732,0.997,0.977,0.831,133.6,132.9,130.6,39.61,30.69,25.15,3334
203,8500,2019-02-27,13:33:07,5.107,3.992,2.723,0.992,0.977,0.831,133.9,132.5,130.8,38.49,30.81,25.03,3335
204,8500,2019-02-27,13:38:18,5.022,4.038,2.648,0.989,0.976,0.831,132.8,134.1,131.5,38.21,30.81,24.26,3336
205,8500,2019-02-27,13:43:28,5.281,5.697,2.67,0.997,0.99,0.834,133.5,132,131,39.62,43.61,24.44,3337
206,8500,2019-02-27,13:48:38,5.019,4.035,2.654,0.99,0.977,0.829,132.5,133.6,131.8,38.27,30.88,24.25,3338
207,8500,2019-02-27,13:53:49,5.088,4.029,2.624,0.989,0.976,0.829,133.2,134.1,130.8,38.58,30.73,24.3,3339
208,8500,2019-02-27,13:58:59,5.224,3.981,2.681,0.997,0.976,0.829,132.6,133.1,131.9,39.46,30.63,24.4,3341
209,8500,2019-02-27,14:04:10,5.094,4.147,2.626,0.99,0.984,0.83,133.3,133.8,131,38.56,31.46,24.21,3342
210,8500,2019-02-27,14:09:20,5.015,4.158,2.649,0.99,0.984,0.83,132.4,133.4,131.6,38.26,31.62,24.24,3343
211,8500,2019-02-27,14:24:50,5.258,4.106,2.679,0.989,0.984,0.829,133,133.2,132,39.6,31.3,24.34,3346
212,8500,2019-02-27,14:30:00,5.175,4.16,2.647,0.997,0.984,0.829,132.6,134.5,132.4,39.11,31.39,24.13,3347
213,8500,2019-02-27,14:35:11,5.073,3.984,2.678,0.989,0.976,0.829,133.9,133.6,132.6,38.27,30.55,24.26,3348
214,8500,2019-02-27,14:40:21,5.289,3.981,2.655,0.989,0.976,0.829,133.8,133.8,131.5,39.58,30.48,24.32,3349
215,8500,2019-02-27,14:45:32,5.281,4.033,2.631,1,0.976,0.827,133.4,134.6,131.1,39.63,30.68,24.28,3350
216,8500,2019-02-27,14:50:42,5.059,4.057,2.637,0.994,0.976,0.828,133,134.7,131.4,38.42,30.81,24.25,3351
217,8500,2019-02-27,15:01:05,5.244,4.046,2.628,0.998,0.976,0.828,133.2,134.2,131,39.41,30.83,24.27,3353
218,8500,2019-02-27,15:06:16,5.056,3.999,2.687,0.99,0.976,0.829,133,133.4,131.3,38.37,30.72,24.53,3354
219,8500,2019-02-27,15:11:26,5.264,4.04,2.622,0.998,0.976,0.829,133.2,134.3,130.5,39.56,30.77,24.3,3355
220,8500,2019-02-27,15:16:37,5.121,4.013,2.635,0.998,0.976,0.829,134.1,133.7,131.4,38.54,30.74,24.24,3356
221,8500,2019-02-27,15:21:47,5.119,3.999,2.646,0.99,0.976,0.829,134,133.7,131.3,38.54,30.62,24.3,3357
222,8500,2019-02-27,15:26:58,5.27,3.866,2.67,0.998,0.975,0.828,133.7,133.2,131.7,39.47,29.75,24.38,3358
223,8500,2019-02-27,15:32:08,5.057,3.94,2.615,0.99,0.975,0.829,133.2,134.4,131.3,38.33,30,24.1,3359
224,8500,2019-02-27,15:37:19,5.039,3.886,2.671,0.99,0.975,0.829,132.9,133.3,131.8,38.28,29.86,24.35,3360
225,8500,2019-02-27,15:42:29,5.211,3.938,2.62,0.998,0.975,0.829,133,134.3,131.5,39.26,30.01,24.11,3361
226,8500,2019-02-27,15:47:40,5.07,3.93,2.613,0.99,0.975,0.829,133.3,134.5,131,38.38,29.92,24.13,3362
227,8500,2019-02-27,15:52:50,5.023,3.92,2.657,0.99,0.975,0.829,132.7,134.2,132.3,38.22,29.93,24.19,3364
228,8500,2019-02-27,15:58:01,5.197,3.9,2.669,0.998,0.975,0.829,132.5,133.4,131.9,39.28,29.92,24.32,3365
229,8500,2019-02-27,16:03:11,5.122,3.883,2.644,0.99,0.975,0.829,133.5,133.8,131,38.71,29.75,24.37,3365
230,8500,2019-02-27,16:08:21,5.029,4.052,2.634,0.99,0.976,0.829,132.4,134.3,131.3,38.36,30.84,24.19,3366
231,8500,2019-02-27,16:13:32,5.191,3.934,2.638,0.998,0.976,0.829,132.9,134.9,131.5,39.13,29.85,24.19,3367
232,8500,2019-02-27,16:18:42,5.029,3.94,2.625,0.99,0.975,0.829,132.8,134.8,131.3,38.23,29.92,24.16,3369
233,8500,2019-02-27,16:23:53,5.303,4.001,2.637,0.99,0.976,0.829,133.9,134,131.1,39.63,30.57,24.27,3370
234,8500,2019-02-27,16:29:03,5.27,4.09,2.659,0.998,0.984,0.83,133.9,133.5,131.4,39.41,31.12,24.33,3371
235,8500,2019-02-27,16:34:14,5.11,4.102,2.657,0.99,0.984,0.83,134,133.6,131,38.48,31.2,24.35,3372
236,8500,2019-02-27,16:39:24,5.254,4.1,2.679,0.998,0.984,0.829,133.5,133.4,131.7,39.42,31.22,24.4,3373
237,8500,2019-02-27,16:44:35,5.264,4.093,2.669,0.998,0.984,0.829,133.8,133.6,131.3,39.38,31.13,24.44,3374
238,8500,2019-02-27,16:49:45,5.057,4.109,2.681,0.99,0.984,0.83,133,133.7,131.6,38.36,31.22,24.42,3375
239,8500,2019-02-27,16:54:56,5.236,4.102,2.683,0.998,0.984,0.83,133.4,134,131.9,39.3,31.09,24.39,3376
240,8500,2019-02-27,17:00:06,5.07,3.982,2.684,0.99,0.981,0.83,133.7,134,132.3,38.29,30.44,24.33,3377
241,8500,2019-02-27,17:05:17,5.034,4.02,2.674,0.99,0.976,0.83,133.3,134.4,132.7,38.11,30.62,24.21,3378
242,8500,2019-02-27,17:10:27,5.228,3.996,2.681,0.998,0.976,0.83,133.6,134.2,132.6,39.18,30.49,24.24,3379
243,8500,2019-02-27,17:15:37,5.084,4.042,2.618,0.99,0.976,0.83,133.7,134.9,131.1,38.36,30.65,24.14,3380
244,8500,2019-02-27,17:20:48,5.049,4.043,2.617,0.99,0.976,0.83,133,134.6,131.4,38.31,30.7,24.05,3381
245,8500,2019-02-27,17:25:58,5.236,4.052,2.625,0.998,0.977,0.831,132.9,134.6,131.1,39.46,30.78,24.16,3382
246,8500,2019-02-27,17:31:09,5.028,4.087,2.638,0.99,0.976,0.831,132.5,134.7,131.6,38.3,31.02,24.15,3383
247,8500,2019-02-27,17:41:32,5.27,4.058,2.637,0.998,0.976,0.83,133.3,134,131.2,39.55,31,24.24,3385
248,8500,2019-02-27,17:46:42,5.081,4.079,2.618,0.99,0.976,0.83,133.1,134.7,131,38.52,30.98,24.15,3386
249,8500,2019-02-28,06:50:11,5.907,5.521,2.995,0.981,1,0.873,132.2,133.9,130.5,45.52,41.01,26.3,3495
250,8500,2019-02-28,06:55:21,6.17,5.46,3.006,0.989,1,0.872,133.3,132.9,130.4,46.71,40.89,26.41,3496
251,8500,2019-02-28,07:00:37,4.968,3.869,2.687,0.982,1,0.863,134,134.3,130.6,37.46,29.57,24.87,3497
252,8500,2019-02-28,07:05:47,4.919,3.853,2.723,0.988,0.974,0.826,133.2,133.8,131.6,37.35,29.55,24.9,3498
253,8500,2019-02-28,07:10:58,5.061,3.918,3.285,0.996,0.974,0.836,132.8,134.6,130.6,38.24,29.82,30.11,3499
254,8500,2019-02-28,07:16:08,4.895,3.925,2.689,0.988,0.974,0.83,132.8,134.9,131,37.29,29.81,24.85,3500
255,8500,2019-02-28,07:21:19,5.067,3.881,2.735,0.989,0.974,0.827,132.6,133.7,131.6,38.34,29.78,25.01,3501
256,8500,2019-02-28,07:26:29,4.893,3.918,2.681,0.988,0.974,0.827,132.4,134.1,131,37.38,29.92,24.82,3502
257,8500,2019-02-28,07:31:40,4.892,3.907,2.725,0.988,0.974,0.828,132.1,133.7,131.2,37.47,29.95,25.05,3503
258,8500,2019-02-28,07:36:50,5.089,3.924,2.695,0.996,0.974,0.83,132.3,133.7,130.2,38.56,30.06,25.02,3504
259,8500,2019-02-28,07:42:01,4.902,3.886,2.73,0.988,0.974,0.827,132.7,133.7,131.1,37.4,29.8,25.06,3505
260,8500,2019-02-28,07:47:11,4.897,3.922,2.699,0.988,0.974,0.828,132.7,134.5,131.6,37.34,29.88,24.82,3506
261,8500,2019-02-28,07:52:22,4.929,3.913,2.685,0.993,0.974,0.827,132.7,134.4,131.2,37.56,29.84,24.82,3507
262,8500,2019-02-28,07:57:32,4.971,3.856,2.708,0.988,0.974,0.827,133.3,133.2,131.1,37.68,29.7,24.94,3508
263,8500,2019-02-28,08:02:42,5.124,3.9,2.682,0.992,0.974,0.827,132.4,133.9,130.7,38.82,29.85,24.89,3509
264,8500,2019-02-28,08:07:53,4.949,3.909,2.679,0.988,0.974,0.826,133.3,134.7,130.9,37.56,29.77,24.84,3510
265,8500,2019-02-28,08:13:03,4.94,3.851,2.66,0.988,0.974,0.825,132.9,133.5,132,37.59,29.63,24.32,3511
266,8500,2019-02-28,08:18:14,5.086,3.921,2.608,0.996,0.974,0.825,132.9,134.9,131.4,38.39,29.79,24.11,3512
267,8500,2019-02-28,08:23:24,4.962,3.856,2.644,0.988,0.974,0.825,133.6,133.7,132.1,37.55,29.62,24.2,3513
268,8500,2019-02-28,08:28:35,4.97,3.899,2.603,0.988,0.974,0.825,133.6,134.6,131.5,37.59,29.71,24.09,3514
269,8500,2019-02-28,08:33:45,4.912,3.858,2.654,0.996,0.974,0.825,133,133.4,132,37.36,29.66,24.26,3515
270,8500,2019-02-28,08:38:56,4.909,3.86,2.646,0.988,0.974,0.825,133.2,133.9,132.3,37.27,29.58,24.16,3516
271,8500,2019-02-28,08:44:06,5.106,3.921,2.598,0.996,0.974,0.825,132.8,134.8,131,38.56,29.8,24.12,3517
272,8500,2019-02-28,08:49:17,4.967,3.887,2.604,0.988,0.974,0.825,133.2,134,130.5,37.68,29.75,24.26,3518
273,8500,2019-02-28,08:54:27,4.974,3.882,2.614,0.988,0.974,0.824,134,133.9,130.9,37.54,29.74,24.22,3519
274,8500,2019-02-28,08:59:38,5.072,4.036,2.604,0.996,0.981,0.826,132.5,134.2,130.9,38.38,30.55,24.17,3520
275,8500,2019-02-28,09:04:48,4.918,3.982,2.657,0.988,0.983,0.825,132.8,132.8,131.6,37.46,30.5,24.32,3521
276,8500,2019-02-28,09:09:59,5.248,4.042,2.605,0.987,0.982,0.825,133,134.5,130.9,39.6,30.53,24.16,3522
277,8500,2019-02-28,09:15:09,6.484,3.854,2.634,1,0.974,0.822,132.7,133.7,131.1,48.72,29.6,24.39,3523
278,8500,2019-02-28,09:20:20,5.051,4.007,2.606,0.988,0.974,0.824,133.8,134.5,131,38.17,30.53,24.17,3524
279,8500,2019-02-28,09:25:30,5.235,4.004,2.604,0.996,0.987,0.828,133.1,133.9,130.7,39.43,30.64,24.22,3525
280,8500,2019-02-28,09:30:41,5.066,3.987,2.651,0.994,0.975,0.824,133.7,133.6,131.6,38.32,30.6,24.32,3527
281,8500,2019-02-28,09:35:51,5.058,3.98,2.658,0.988,0.975,0.825,133.5,133.7,131.9,38.31,30.53,24.33,3528
282,8500,2019-02-28,09:41:02,5.209,3.918,2.597,0.996,0.974,0.824,133.6,134.5,131.3,39.11,29.86,24.09,3529
283,8500,2019-02-28,09:46:12,5.016,3.877,2.657,0.987,0.974,0.824,133.8,134.1,132.4,37.95,29.68,24.23,3530
284,8500,2019-02-28,09:51:22,5.172,3.887,2.648,0.996,0.974,0.824,133.2,133.6,132.4,38.96,29.83,24.19,3531
285,8500,2019-02-28,09:56:33,5.028,3.98,2.657,0.988,0.975,0.824,134.2,133.6,132.7,37.92,30.53,24.17,3532
286,8500,2019-02-28,10:01:43,5.238,3.972,2.659,0.991,0.975,0.824,134.3,133.5,132.3,39.12,30.51,24.26,3533
287,8500,2019-02-28,10:06:54,5.082,4.024,2.65,0.995,0.975,0.825,134.1,133.4,131.4,38.32,30.95,24.37,3534
288,8500,2019-02-28,10:12:04,5.032,4.075,2.652,0.988,0.975,0.824,133.5,134.2,132.7,38.14,31.14,24.15,3535
289,8500,2019-02-28,10:17:15,5.214,4.028,2.655,0.996,0.975,0.825,133.5,133.6,132,39.17,30.93,24.29,3536
290,8500,2019-02-28,10:22:25,5.011,4.116,2.619,0.988,0.974,0.825,133,135,131.7,38.13,31.24,24.12,3537
291,8500,2019-02-28,10:27:36,5.243,4.036,2.655,0.996,0.974,0.825,133.4,133.4,131.5,39.42,31.03,24.38,3538
292,8500,2019-02-28,10:32:46,5.02,4.036,2.654,0.988,0.975,0.825,132.9,133.4,131.7,38.2,31.03,24.32,3539
293,8500,2019-02-28,10:37:57,5.182,4.049,2.646,0.994,0.975,0.825,132.6,133.8,131.7,39.2,31.04,24.28,3540
294,8500,2019-02-28,10:43:07,5.157,4.074,2.64,0.996,0.975,0.825,132.5,133.9,131.8,39.07,31.15,24.23,3541
295,8500,2019-02-28,10:48:17,5.029,4.112,2.61,0.988,0.975,0.825,132.8,134.7,131.4,38.32,31.28,24.14,3542
296,8500,2019-02-28,10:53:28,5.256,4.036,2.65,0.996,0.975,0.825,133.7,133.6,131.6,39.41,30.99,24.36,3543
297,8500,2019-02-28,10:58:38,5.159,4.079,2.642,0.996,0.975,0.825,132.4,134,131.3,39.07,31.18,24.34,3544
298,8500,2019-02-28,11:03:49,5.054,4.014,2.665,0.988,0.975,0.825,133.3,132.9,131.6,38.34,30.97,24.36,3545
299,8500,2019-02-28,11:08:59,5.242,4.015,2.659,0.996,0.975,0.826,133,132.8,131.1,39.53,31,24.47,3546
300,8500,2019-02-28,11:14:10,5.234,4.057,2.611,0.996,0.975,0.826,132.6,133.5,130.6,39.57,31.13,24.27,3547
301,8500,2019-02-28,11:19:20,5.004,4.036,2.646,0.988,0.975,0.826,131.9,133.5,131.5,38.36,30.98,24.34,3548
302,8500,2019-02-28,11:29:38,5.182,4.121,2.671,0.996,0.983,0.827,132.4,132.6,131.7,39.27,31.59,24.42,3550
303,8500,2019-02-28,11:34:48,5.036,4.107,2.673,0.988,0.983,0.827,132.6,132.3,131.2,38.4,31.55,24.5,3551
304,8500,2019-02-28,11:39:58,5.179,4.151,2.65,0.99,0.983,0.825,133.1,134,132.5,39.04,31.48,24.2,3552
305,8500,2019-02-28,11:45:09,5.267,4.108,2.64,0.996,0.983,0.825,134.3,133.9,131.7,39.31,31.21,24.28,3553
306,8500,2019-02-28,11:50:19,5.104,4.008,2.64,0.988,0.975,0.825,134.2,134,131.3,38.44,30.66,24.36,3554
307,8500,2019-02-28,11:55:30,5.085,3.971,2.662,0.988,0.975,0.825,134.3,133.8,132.6,38.28,30.44,24.27,3555
308,8500,2019-02-28,12:00:40,5.223,4.023,2.613,0.996,0.975,0.825,133.7,134.9,131.6,39.18,30.55,24.14,3556
309,8500,2019-02-28,12:05:51,5.014,4.035,2.637,0.996,0.975,0.825,132.6,134.5,132.2,38.25,30.71,24.18,3557
310,8500,2019-02-28,12:11:01,5.1,3.968,2.657,0.988,0.975,0.825,133.6,133.2,131.4,38.57,30.53,24.44,3558
311,8500,2019-02-28,12:16:12,5.236,3.963,2.676,0.997,0.975,0.826,133.2,133.3,131.8,39.4,30.48,24.46,3560
312,8500,2019-02-28,12:21:22,5.263,3.968,2.651,0.997,0.975,0.826,133.4,133.3,131.1,39.55,30.51,24.45,3561
313,8500,2019-02-28,12:26:33,5.017,4.029,2.634,0.988,0.975,0.826,132.7,134,131.6,38.24,30.77,24.26,3561
314,8500,2019-02-28,12:31:43,5.198,3.967,2.673,0.997,0.975,0.826,132.6,133,131.8,39.3,30.56,24.41,3562
315,8500,2019-02-28,12:36:54,5.202,4.036,2.617,0.997,0.975,0.826,132.3,133.9,130.7,39.41,30.85,24.32,3564
316,8500,2019-02-28,12:42:04,5.11,3.979,2.633,0.989,0.976,0.827,133.4,133,130.2,38.69,30.65,24.46,3565
317,8500,2019-02-28,12:47:15,5.245,4.022,2.621,0.989,0.976,0.827,132.8,133.5,130.5,39.6,30.83,24.35,3566
318,8500,2019-02-28,12:52:25,5.183,4.035,2.712,0.997,0.976,0.828,132.4,133.8,131.1,39.24,30.85,25,3567
319,8500,2019-02-28,12:57:36,5.016,4.013,2.726,0.992,0.976,0.828,132.8,133.6,131.5,38.18,30.74,25,3568
320,8500,2019-02-28,13:02:46,5.084,3.995,2.691,0.989,0.975,0.828,133.3,133.7,130.2,38.51,30.59,25,3569
321,8500,2019-02-28,13:07:57,5.198,4.037,2.707,0.997,0.976,0.829,132.7,134.1,131,39.26,30.83,24.98,3570
322,8500,2019-02-28,13:13:07,5.177,4.023,2.707,0.997,0.975,0.829,132.3,134.1,131.6,39.24,30.71,24.89,3571
323,8500,2019-02-28,13:18:18,5.066,3.944,2.67,0.989,0.976,0.827,133.3,133.2,131.9,38.4,30.36,24.34,3572
324,8500,2019-02-28,13:23:28,5.267,3.946,2.665,0.997,0.976,0.827,133.2,132.8,131.1,39.62,30.45,24.49,3573
325,8500,2019-02-28,13:28:39,5.267,3.96,2.656,0.997,0.976,0.828,133.6,133.5,131.4,39.49,30.41,24.36,3574
326,8500,2019-02-28,13:33:49,5.026,4.02,2.641,0.989,0.975,0.828,132.3,133.7,131.2,38.41,30.74,24.29,3575
327,8500,2019-02-28,13:39:00,5.271,3.956,2.666,0.997,0.976,0.827,132.7,133.2,131.3,39.8,30.43,24.46,3576
328,8500,2019-02-28,13:44:10,5.224,3.965,2.68,0.997,0.976,0.828,132.7,132.6,130.9,39.44,30.65,24.58,3577
329,8500,2019-02-28,13:49:21,5.057,4.017,2.616,0.989,0.976,0.828,132.7,133.9,130.4,38.49,30.69,24.29,3578
330,8500,2019-02-28,13:54:31,5.268,4.005,2.625,0.997,0.976,0.828,132.9,133.5,130,39.71,30.71,24.43,3579
331,8500,2019-02-28,13:59:42,5.223,3.955,2.676,0.997,0.976,0.827,132.9,132.4,131.5,39.38,30.61,24.49,3580
332,8500,2019-02-28,14:04:52,5.033,4.029,2.631,0.989,0.976,0.828,132.7,134.1,131.2,38.32,30.72,24.25,3581
333,8500,2019-02-28,14:10:02,5.273,3.993,2.624,0.997,0.976,0.828,133.4,133.9,130.4,39.6,30.56,24.35,3582
334,8500,2019-02-28,14:15:13,5.233,3.953,2.675,0.997,0.976,0.828,132.8,132.7,131.1,39.5,30.54,24.5,3583
335,8500,2019-02-28,14:20:23,5.023,3.969,2.641,0.989,0.976,0.828,133.1,133.1,130.1,38.07,30.55,24.5,3584
336,8500,2019-02-28,14:25:34,5.171,3.995,2.619,0.997,0.976,0.828,133.2,134.3,130.7,38.88,30.46,24.27,3585
337,8500,2019-02-28,14:30:44,5.176,4.095,2.639,0.997,0.977,0.828,133.4,133.3,130.5,38.85,31.21,24.41,3586
338,8500,2019-02-28,14:35:55,5,4.062,2.672,0.989,0.984,0.828,133.5,132.9,131.6,37.8,31.08,24.39,3587
339,8500,2019-02-28,14:41:06,5.137,4.068,2.682,0.995,0.984,0.828,132.7,132.7,131.2,38.79,31.15,24.54,3588
340,8500,2019-02-28,14:46:16,6.592,4.047,2.684,1,0.984,0.827,132,133,131.6,49.72,30.92,24.58,3589
341,8500,2019-02-28,14:51:27,6.401,4.109,2.648,1,0.984,0.826,130.9,134.2,131.8,48.74,31.07,24.29,3590
342,8500,2019-02-28,14:56:37,5.112,4.059,2.647,0.992,0.984,0.828,133.4,132.9,130.4,38.67,31.03,24.47,3592
343,8500,2019-02-28,15:01:48,5.182,3.993,2.64,0.997,0.979,0.828,132.2,133.5,131.2,39.29,30.61,24.31,3593
344,8500,2019-02-28,15:06:58,5.179,4.008,2.65,0.997,0.976,0.828,132.2,133.4,131.4,39.27,30.75,24.35,3594
345,8500,2019-02-28,15:12:14,5.029,4.027,2.624,0.99,0.976,0.829,132.4,133.5,131.1,38.36,30.85,24.23,3595
346,8500,2019-02-28,15:17:24,5.263,3.993,2.619,0.995,0.976,0.828,132.6,133.9,130.6,39.75,30.53,24.3,3596
347,8500,2019-02-28,15:22:35,5.185,3.972,2.665,0.997,0.975,0.828,132.1,133.3,131.3,39.34,30.53,24.45,3597
348,8500,2019-02-28,15:27:45,5.119,3.959,2.641,0.99,0.976,0.828,132.9,133.3,130.6,38.85,30.44,24.42,3598
349,8500,2019-02-28,15:32:56,5.749,3.996,2.64,0.99,0.975,0.828,131.1,134.2,131.3,44.07,30.48,24.32,3599
350,8500,2019-02-28,15:38:06,5.176,3.995,2.656,0.997,0.975,0.827,131.8,133.6,131.1,39.37,30.6,24.44,3600
351,8500,2019-02-28,15:43:17,5.104,3.956,2.622,0.993,0.975,0.828,132.9,133.4,130.3,38.74,30.37,24.36,3601
352,8500,2019-02-28,15:48:27,5.048,4.005,2.609,0.989,0.975,0.828,132.4,134.4,130.6,38.49,30.5,24.21,3602
353,8500,2019-02-28,15:53:38,5.172,3.978,2.659,0.997,0.975,0.828,132,133.2,131.3,39.27,30.59,24.38,3603
354,8500,2019-02-28,15:58:48,5.167,4.005,2.642,0.997,0.976,0.828,132.1,134,131.6,39.19,30.59,24.25,3604
355,8500,2019-02-28,16:03:58,5.012,3.996,2.634,0.99,0.976,0.828,132,133.7,131.3,38.36,30.59,24.24,3605
356,8500,2019-02-28,16:09:09,5.267,3.974,2.625,0.997,0.975,0.827,133.5,133.5,130.8,39.51,30.49,24.31,3606
357,8500,2019-02-28,16:21:35,5.107,3.949,2.636,0.989,0.975,0.828,133.4,133.6,130.5,38.64,30.3,24.41,3609
358,8500,2019-02-28,16:26:46,5.173,4.004,2.62,0.997,0.975,0.828,132.1,134.5,131.2,39.24,30.47,24.18,3610
359,8500,2019-02-28,16:31:56,5.018,4.009,2.628,0.997,0.975,0.828,132.3,134.4,131.2,38.3,30.54,24.21,3611
360,8500,2019-02-28,16:37:06,5.108,3.961,2.633,0.99,0.975,0.828,133.8,133.6,130.9,38.53,30.38,24.31,3611
361,8500,2019-02-28,16:42:17,5.179,4.011,2.619,0.997,0.975,0.828,132.3,134.3,131.1,39.23,30.58,24.18,3612
362,8500,2019-02-28,16:47:27,5.261,3.971,2.632,0.997,0.975,0.828,133.5,133.3,130.6,39.48,30.52,24.34,3614
363,8500,2019-02-28,16:52:38,5.01,3.96,2.66,0.989,0.975,0.828,132.6,133.3,131.4,38.18,30.46,24.36,3615
364,8500,2019-02-28,16:57:48,5.257,3.955,2.616,0.997,0.975,0.828,133.4,133.4,130.7,39.47,30.38,24.21,3616
365,8500,2019-02-28,17:02:59,5.178,4.008,2.613,0.997,0.975,0.828,132.2,133.8,130.7,39.23,30.65,24.19,3617
366,8500,2019-02-28,17:08:09,5.016,3.956,2.659,0.989,0.975,0.828,132.8,133.1,131.7,38.17,30.45,24.31,3618
367,8500,2019-02-28,17:13:20,5.054,3.913,2.656,0.989,0.975,0.828,133.7,132.6,131.9,38.19,30.26,24.22,3619
368,8500,2019-02-28,17:18:30,5.234,3.984,2.612,0.997,0.975,0.827,132.6,134.4,130.8,39.53,30.38,24.17,3620
369,8500,2019-02-28,17:23:40,5.054,3.921,2.661,0.997,0.975,0.828,133.1,133.6,131.6,38.32,30.1,24.29,3621
370,8500,2019-02-28,17:28:51,5.032,3.984,2.602,0.99,0.975,0.828,132.7,135,131,38.28,30.24,24.06,3622
371,8500,2019-02-28,17:34:01,5.176,3.983,2.608,0.997,0.975,0.828,132.6,134.9,131.4,39.13,30.24,24.02,3623
372,8500,2019-02-28,17:39:12,5.092,3.972,2.614,0.998,0.975,0.828,133.4,134.8,131.3,38.5,30.2,24.11,3624
373,8500,2019-02-28,17:44:22,5.001,3.853,2.636,0.99,0.975,0.828,132.5,134.8,132.1,38.12,29.31,24.08,3625
374,8500,2019-02-28,17:49:33,5.174,3.809,2.719,0.997,0.974,0.827,132.8,134.4,132.4,39.04,29.1,24.7,3626
375,8500,2019-02-28,17:54:43,5.074,3.904,2.714,0.997,0.983,0.829,134,134,131.8,38.22,29.64,24.77,3627
376,8500,2019-02-28,17:59:54,4.998,3.934,2.729,0.989,0.982,0.828,133.3,134.4,132.4,37.88,29.77,24.79,3628
377,8500,2019-02-28,18:05:04,5.201,3.975,2.685,0.997,0.982,0.828,133.7,135.3,131.4,38.98,29.85,24.74,3629
378,8500,2019-02-28,18:10:14,5.147,3.967,2.71,0.997,0.982,0.828,132.5,134.5,131.4,38.91,29.96,24.92,3630
379,8500,2019-02-28,18:15:25,4.985,3.908,2.724,0.99,0.983,0.829,133.8,133.4,130.9,37.61,29.8,25.07,3631
380,8500,2019-02-28,18:20:35,5.078,3.919,2.746,0.998,0.983,0.828,132.6,133.7,131.6,38.37,29.8,25.06,3632
381,8500,2019-02-28,18:25:46,5.055,3.85,2.716,0.998,0.974,0.828,132.6,135.1,131.7,38.19,29.24,24.88,3633
382,8500,2019-02-28,18:30:56,4.993,3.799,2.733,0.99,0.974,0.837,133.9,134.1,131,37.61,29.09,25.13,3634
383,8500,2019-02-28,18:36:06,5.075,3.833,3.299,0.998,0.974,0.83,132.2,133.6,130.5,38.46,29.41,30.08,3635
384,8500,2019-02-28,18:41:17,5.081,3.865,2.695,0.998,0.974,0.83,132.1,134.5,130.3,38.53,29.44,25.01,3636
385,8500,2019-02-28,18:46:27,4.986,3.836,2.696,0.99,0.974,0.83,133.2,134.1,130.1,37.76,29.32,25.03,3637
386,8500,2019-02-28,18:51:38,6.005,5.436,3.056,0.979,0.995,0.859,131.8,133.6,129.7,46.14,40.65,27.23,3638
387,8500,2019-02-28,18:56:48,6.051,5.461,3.067,0.989,1,0.874,131.6,133.2,129.6,46.44,40.84,27.12,3639
388,8500,2019-02-28,19:01:59,6.008,5.43,3.09,0.982,1,0.875,132.6,132.8,129.2,46.09,40.73,27.36,3641
389,8500,2019-02-28,19:07:09,6.095,5.484,3.083,0.99,1,0.875,132.1,134,130.6,46.56,40.73,26.99,3642
390,8500,2019-02-28,19:12:19,6.17,5.391,3.115,0.99,1,0.875,133.1,132.9,130.3,46.74,40.39,27.26,3643
391,8500,2019-02-28,19:17:30,5.929,5.425,3.047,0.982,1,0.876,132.7,133.1,131.3,45.49,40.56,26.44,3644
392,8500,2019-02-28,19:22:40,6.136,5.388,3.063,0.99,1,0.875,132.8,132.9,131.2,46.61,40.34,26.56,3646
393,8500,2019-02-28,19:27:51,5.995,5.469,2.994,0.991,1,0.876,132.7,133.5,130,45.92,40.75,26.31,3647
394,8500,2019-02-28,19:33:01,5.939,5.408,3.046,0.983,1,0.876,132.6,133.2,131.8,45.54,40.41,26.31,3648
395,8500,2019-02-28,19:38:12,6.198,5.437,2.998,0.991,1,0.876,133.4,133.6,130.4,46.83,40.48,26.26,3650
396,8500,2019-02-28,19:43:22,5.951,5.43,3.049,0.987,1,0.876,132.7,133.4,131.6,45.62,40.48,26.37,3651
397,8500,2019-02-28,19:48:33,6.044,5.399,3.016,0.983,1,0.876,133.7,133.1,130.9,45.91,40.35,26.3,3652
398,8500,2019-02-28,19:53:43,6.138,5.384,3.054,0.991,1,0.876,133.2,132.7,132,46.46,40.37,26.3,3653
399,8500,2019-02-28,19:58:53,6.051,5.407,3.019,0.984,1,0.876,134,133,131,45.85,40.44,26.28,3655
400,8500,2019-02-28,20:04:04,5.984,5.372,3.049,0.983,1,0.876,133,132,131.3,45.73,40.5,26.43,3656
401,8500,2019-02-28,20:09:14,6.088,5.458,3.02,0.991,1,0.876,132,133.2,131.2,46.52,40.76,26.27,3657
402,8500,2019-02-28,20:14:25,5.113,5.468,3.01,0.979,1,0.877,133,133.2,131.2,39.24,40.81,26.18,3658
403,8500,2019-02-28,20:19:35,5.115,5.389,3.052,0.979,1,0.877,133.2,132.4,131.7,39.21,40.49,26.35,3660
404,8500,2019-02-28,20:24:46,5.255,5.445,3.031,0.989,1,0.877,132.5,133.3,131.5,40.08,40.62,26.25,3661
405,8500,2019-02-28,20:29:56,5.143,5.364,3.054,0.979,1,0.877,133.5,132.5,131.6,39.29,40.26,26.35,3662
406,8500,2019-02-28,20:35:06,5.103,5.457,2.999,0.979,1,0.877,133.3,133.5,131.4,39.08,40.65,26.06,3663
407,8500,2019-02-28,20:40:17,5.316,5.36,3.049,0.989,1,0.877,133.6,132.4,131.6,40.2,40.28,26.33,3664
408,8500,2019-02-28,20:50:34,5.345,5.367,3.037,0.98,1,0.877,133.5,132.6,130.9,40.42,40.27,26.38,3667
409,8500,2019-02-28,20:55:45,5.174,5.424,2.991,0.989,1,0.877,133.5,133.3,130.3,39.52,40.48,26.22,3668
410,8500,2019-02-28,21:00:55,5.189,5.418,2.999,0.979,1,0.877,133.7,132.8,130.5,39.57,40.59,26.24,3669
411,8500,2019-02-28,21:06:06,5.358,5.401,3.012,0.989,1,0.877,133.7,132.8,130.9,40.44,40.45,26.23,3670
412,8500,2019-02-28,21:11:16,5.181,5.368,3.043,0.985,1,0.877,133.8,132.5,131.2,39.48,40.32,26.38,3671
413,8500,2019-02-28,21:16:26,5.106,5.527,3.04,0.979,1,0.877,132.9,132.8,132,39.21,41.29,26.2,3672
414,8500,2019-02-28,21:21:37,5.356,5.549,3.006,0.989,1,0.877,133.8,133.4,131.2,40.4,41.26,26.16,3674
415,8500,2019-02-28,21:26:47,5.106,5.538,3.036,0.98,1,0.877,132.8,133.1,132,39.23,41.28,26.18,3675
416,8500,2019-02-28,21:31:58,5.195,5.549,3.004,0.979,1,0.877,133.8,133.5,130.9,39.56,41.23,26.19,3676
417,8500,2019-02-28,21:37:08,5.317,5.476,3.054,0.989,1,0.877,133.4,132.8,131.9,40.25,40.93,26.33,3677
418,8500,2019-02-28,21:42:19,5.137,5.578,2.999,0.979,1,0.877,133.3,134.1,131.6,39.31,41.26,26.02,3679
419,8500,2019-02-28,21:47:29,5.125,5.389,3.048,0.979,1,0.877,133.5,133.4,132.5,39.18,40.18,26.15,3680
420,8500,2019-02-28,21:52:39,5.311,5.362,3.052,0.989,1,0.877,133,132.5,131.3,40.34,40.26,26.41,3681
421,8500,2019-02-28,21:57:50,5.17,5.362,2.994,0.979,1,0.876,132.3,131.5,129.1,39.81,40.57,26.48,3682
422,8500,2019-02-28,22:03:00,5.329,5.358,3.047,0.989,1,0.876,132.7,132.3,131.6,40.56,40.31,26.35,3683
423,8500,2019-02-28,22:08:11,5.09,5.428,3.028,0.983,1,0.875,132.2,133.2,131.6,39.3,40.53,26.24,3685
424,8500,2019-02-28,22:13:21,5.174,5.362,3.029,0.979,1,0.876,133.6,132.4,131.1,39.49,40.28,26.35,3686
425,8500,2019-02-28,22:18:31,5.344,5.372,3.021,0.989,1,0.876,133.5,132.4,131,40.41,40.35,26.33,3687
426,8500,2019-02-28,22:23:42,5.179,5.364,3.023,0.979,1,0.876,133.6,132.4,130.9,39.53,40.32,26.32,3688
427,8500,2019-02-28,22:28:52,5.113,5.38,3.043,0.979,1,0.875,133,132.3,131.9,39.24,40.45,26.28,3689
428,8500,2019-02-28,22:34:03,5.267,5.378,3.053,0.989,1,0.875,132.4,132.2,132.3,40.21,40.47,26.29,3690
429,8500,2019-02-28,22:39:13,5.15,5.441,2.99,0.979,1,0.875,132.5,133.1,131,39.64,40.65,26.13,3692
430,8500,2019-02-28,22:44:24,5.087,5.421,3.025,0.979,1,0.875,131.9,132.7,132.2,39.37,40.63,26.12,3693
431,8500,2019-02-28,22:49:34,0,0,0,0,0,0,134.4,134.4,132.9,0,0,0,3694
432,8500,2019-02-28,22:54:44,0,0,0,0,0,0,134.4,134.7,132.8,0,0,0,3694
433,8500,2019-02-28,22:59:55,0,0,0,0,0,0,134.4,133.8,133.7,0,0,0,3694
434,8500,2019-02-28,23:05:05,0,0,0,0,0,0,135,135.2,133.5,0,0,0,3694
435,8500,2019-02-28,23:10:16,0,0,0,0,0,0,134.2,135.4,134.3,0,0,0,3694
436,8500,2019-02-28,23:15:26,0,0,0,0,0,0,134.4,134.3,134.2,0,0,0,3694
437,8500,2019-02-28,23:20:36,0,0,0,0,0,0,134.8,135.2,133.4,0,0,0,3694
438,8500,2019-02-28,23:25:47,0,0,0,0,0,0,133.9,134.8,134.2,0,0,0,3694
439,8500,2019-02-28,23:30:57,0,0,0,0,0,0,135.2,134.4,134.2,0,0,0,3694
440,8500,2019-02-28,23:36:08,2.309,3.101,1.397,0.898,0.976,0.881,133.7,133.9,133.8,18.83,23.34,11.74,3694
441,8500,2019-02-28,23:41:18,2.645,3.353,1.459,0.955,1,0.919,134.3,134.1,133,20.58,24.75,11.93,3695
442,8500,2019-02-28,23:46:28,2.642,3.365,1.459,0.958,1,0.922,134.1,134.6,133.1,20.55,24.75,11.9,3695
443,8500,2019-02-28,23:51:39,2.642,3.304,1.497,0.959,1,0.924,134.5,133.4,134.3,20.47,24.53,12.02,3696
444,8500,2019-02-28,23:56:49,2.671,3.356,1.462,0.959,1,0.925,134.8,134.4,133.1,20.63,24.71,11.88,3697
445,8500,2019-03-01,00:02:00,2.682,3.331,1.463,0.96,1,0.925,135.1,134.2,133.4,20.64,24.58,11.87,3697
446,8500,2019-03-01,00:07:10,2.682,3.326,1.467,0.96,1,0.924,134.9,133.9,133.1,20.67,24.59,11.92,3698
447,8500,2019-03-01,00:12:20,2.679,3.347,1.463,0.96,1,0.925,134.9,134.5,133.3,20.64,24.63,11.86,3698
448,8500,2019-03-01,00:17:31,2.638,3.343,1.481,0.96,1,0.925,134.1,134.5,134.3,20.49,24.6,11.9,3699
449,8500,2019-03-01,00:22:41,2.69,3.339,1.465,0.961,1,0.926,135.2,134.3,133.6,20.66,24.6,11.84,3700
450,8500,2019-03-01,00:27:52,0,0,0,0,0,0,134.5,135.4,134.9,0,0,0,3700
451,8500,2019-03-01,00:33:02,0,0,0,0,0,0,135.3,134.9,134.9,0,0,0,3700
452,8500,2019-03-01,00:38:13,0,0,0,0,0,0,135.6,135.3,134.2,0,0,0,3700
453,8500,2019-03-01,00:43:23,0,0,0,0,0,0,135.7,135,134.2,0,0,0,3700
454,8500,2019-03-01,00:48:33,0,0,0,0,0,0,135.9,135.5,134.2,0,0,0,3700
455,8500,2019-03-01,00:53:44,0,0,0,0,0,0,135.2,136.2,134.5,0,0,0,3700
456,8500,2019-03-01,00:58:54,0,0,0,0,0,0,135.7,135,134.8,0,0,0,3700
457,8500,2019-03-01,01:04:05,0,0,0,0,0,0,134.7,135.7,135.1,0,0,0,3700
458,8500,2019-03-01,01:09:15,0,0,0,0,0,0,136.1,135.7,134.4,0,0,0,3700
459,8500,2019-03-01,01:14:26,0,0,0,0,0,0,135.9,135,135,0,0,0,3700
460,8500,2019-03-01,01:19:36,0,0,0,0,0,0,136.2,135.2,134.7,0,0,0,3700
461,8500,2019-03-01,01:24:46,0,0,0,0,0,0,135.8,135.3,133.8,0,0,0,3700
462,8500,2019-03-01,01:29:57,0,0,0,0,0,0,136.1,135.1,134.1,0,0,0,3700
463,8500,2019-03-01,01:35:07,0,0,0,0,0,0,135.7,135.5,134,0,0,0,3700
464,8500,2019-03-01,01:40:18,0,0,0,0,0,0,135.8,134.8,134.9,0,0,0,3700
465,8500,2019-03-01,01:45:28,0,0,0,0,0,0,135.6,135.1,134,0,0,0,3700
466,8500,2019-03-01,01:50:38,0,0,0,0,0,0,135.5,134.6,134.5,0,0,0,3700
467,8500,2019-03-01,01:55:49,0,0,0,0,0,0,135,134.3,134.6,0,0,0,3700
468,8500,2019-03-01,02:00:59,0,0,0,0,0,0,135.5,134.4,133.9,0,0,0,3700
469,8500,2019-03-01,02:06:10,0,0,0,0,0,0,135.2,134.5,134.7,0,0,0,3700
470,8500,2019-03-01,02:11:20,0,0,0,0,0,0,135.5,135,133.7,0,0,0,3700
471,8500,2019-03-01,02:16:31,0,0,0,0,0,0,135.2,134.4,134.5,0,0,0,3700
472,8500,2019-03-01,02:21:41,0,0,0,0,0,0,134.5,135.2,134.6,0,0,0,3700
473,8500,2019-03-01,02:26:51,0,0,0,0,0,0,135,134.8,134.8,0,0,0,3700
474,8500,2019-03-01,02:32:02,0,0,0,0,0,0,134.7,135.8,134.5,0,0,0,3700
475,8500,2019-03-01,02:37:12,0,0,0,0,0,0,135.3,135.9,134.3,0,0,0,3700
476,8500,2019-03-01,02:42:23,0,0,0,0,0,0,135.7,134.7,135,0,0,0,3700
477,8500,2019-03-01,02:47:33,0,0,0,0,0,0,135.2,134.3,134.7,0,0,0,3700
478,8500,2019-03-01,02:52:43,0,0,0,0,0,0,134.9,135.2,133.4,0,0,0,3700
479,8500,2019-03-01,02:57:54,0,0,0,0,0,0,135.1,135.1,133.5,0,0,0,3700
480,8500,2019-03-01,03:03:04,0,0,0,0,0,0,135.1,135.5,133.6,0,0,0,3700
481,8500,2019-03-01,03:08:15,0,0,0,0,0,0,135.7,134.3,134.2,0,0,0,3700
482,8500,2019-03-01,03:13:25,0,0,0,0,0,0,134.5,134.6,134.9,0,0,0,3700
483,8500,2019-03-01,03:18:36,0,0,0,0,0,0,134.9,134.5,134.7,0,0,0,3700
484,8500,2019-03-01,03:23:46,0,0,0,0,0,0,134.6,134.5,134.8,0,0,0,3700
485,8500,2019-03-01,03:28:56,0,0,0,0,0,0,135.6,134.6,133.8,0,0,0,3700
486,8500,2019-03-01,03:34:07,0,0,0,0,0,0,135.3,134.7,135.2,0,0,0,3700
487,8500,2019-03-01,03:39:17,0,0,0,0,0,0,135.9,135.1,134.1,0,0,0,3700
488,8500,2019-03-01,03:44:28,0,0,0,0,0,0,134.6,135,135,0,0,0,3700
489,8500,2019-03-01,03:49:38,0,0,0,0,0,0,135.6,134.7,134.2,0,0,0,3700
490,8500,2019-03-01,03:54:49,0,0,0,0,0,0,135.3,134.5,135,0,0,0,3700
491,8500,2019-03-01,03:59:59,0,0,0,0,0,0,134.3,135.3,134.6,0,0,0,3700
492,8500,2019-03-01,04:05:09,0,0,0,0,0,0,134.6,134.9,134.9,0,0,0,3700
493,8500,2019-03-01,04:10:20,0,0,0,0,0,0,135,134.5,134.8,0,0,0,3700
494,8500,2019-03-01,04:15:30,0,0,0,0,0,0,134.6,135.4,134.8,0,0,0,3700
495,8500,2019-03-01,04:20:41,0,0,0,0,0,0,135.6,134.6,134.2,0,0,0,3700
496,8500,2019-03-01,04:25:51,0,0,0,0,0,0,135.6,134.6,134.4,0,0,0,3700
497,8500,2019-03-01,04:31:01,0,0,0,0,0,0,134.6,135.7,134.3,0,0,0,3700
498,8500,2019-03-01,04:36:12,0,0,0,0,0,0,134.5,134.8,135,0,0,0,3700
499,8500,2019-03-01,04:41:22,0,0,0,0,0,0,135.2,135.4,133.7,0,0,0,3700
500,8500,2019-03-01,04:46:33,0,0,0,0,0,0,134.2,135.3,134.1,0,0,0,3700
501,8500,2019-03-01,04:51:43,0,0,0,0,0,0,134.8,134.7,134.8,0,0,0,3700
502,8500,2019-03-01,04:56:53,6.054,5.542,3.05,0.985,1,0.863,132.8,133.1,133.5,46.19,41.48,26.32,3701
503,8500,2019-03-01,05:02:04,6.18,5.547,3.061,0.988,1,0.87,133.3,132.7,132.6,46.83,41.55,26.45,3702
504,8500,2019-03-01,05:07:14,6.1,5.632,3.021,0.989,1,0.871,132.4,133.5,132.6,46.55,41.91,26.19,3703
505,8500,2019-03-01,05:12:25,6.196,5.569,3.031,0.989,1,0.872,133.4,132.7,132,46.9,41.69,26.33,3705
506,8500,2019-03-01,05:17:35,6.146,5.525,3.073,0.981,1,0.872,133.1,132.4,133,46.64,41.47,26.39,3706
507,8500,2019-03-01,05:22:46,5.929,5.487,3.044,0.981,1,0.871,132.5,133.5,132.9,45.6,40.91,26.24,3707
508,8500,2019-03-01,05:27:56,6.146,5.41,3.06,0.989,1,0.872,132.5,132.3,132.6,46.82,40.71,26.39,3709
509,8500,2019-03-01,05:33:06,6.086,5.488,3.042,0.986,1,0.872,132.1,133.4,132.9,46.55,40.95,26.23,3710
510,8500,2019-03-01,05:38:17,6.009,5.464,3.013,0.981,1,0.872,133.4,133.4,132,45.83,40.76,26.18,3711
511,8500,2019-03-01,05:43:27,6.042,5.466,3.023,0.986,1,0.872,133.7,133.5,132.4,45.98,40.73,26.16,3712
512,8500,2019-03-01,05:48:38,6.169,5.478,3.006,0.99,1,0.872,132.9,133.5,131.9,46.85,40.83,26.16,3714
513,8500,2019-03-01,05:53:48,6.209,5.455,3.01,0.982,1,0.872,133.2,133.3,132,47.04,40.72,26.15,3715
514,8500,2019-03-01,05:58:58,5.994,5.491,2.989,0.982,1,0.872,133,133.7,131.9,45.88,40.87,26.03,3716
515,8500,2019-03-01,06:04:09,5.975,5.391,3.052,0.986,1,0.872,132.5,132,132.1,45.9,40.66,26.4,3717
516,8500,2019-03-01,06:09:19,5.932,5.505,2.998,0.989,1,0.872,131.9,134.2,131.5,45.79,40.81,26.16,3719
517,8500,2019-03-01,06:14:30,6.069,5.48,3.026,0.99,1,0.872,131.6,133.9,132.1,46.56,40.73,26.23,3720
518,8500,2019-03-01,06:19:40,6.086,5.499,3.008,0.984,1,0.873,131.5,133.9,131.9,46.71,40.86,26.15,3721
519,8500,2019-03-01,06:24:51,6.108,5.427,3.051,0.982,1,0.873,131.5,132.9,132.1,46.88,40.63,26.39,3722
520,8500,2019-03-01,06:30:01,6.002,5.41,3.027,0.982,1,0.873,132.6,133.2,131.5,46.04,40.42,26.34,3724
521,8500,2019-03-01,06:35:11,5.973,5.393,3.04,0.982,1,0.873,132.6,132.9,131.4,45.84,40.4,26.43,3725
522,8500,2019-03-01,06:40:22,5.984,5.395,3.042,0.99,1,0.873,132.4,132.6,131.1,45.97,40.48,26.49,3726
523,8500,2019-03-01,06:45:32,6.082,5.406,3.048,0.988,1,0.873,131.5,132.6,131.5,46.69,40.56,26.5,3727
524,8500,2019-03-01,06:50:43,5.927,5.41,3.047,0.982,1,0.873,131.9,132.9,131.3,45.76,40.52,26.48,3729
525,8500,2019-03-01,06:55:53,5.902,5.456,3.022,0.982,1,0.873,131.9,133.2,130.8,45.58,40.76,26.41,3730
526,8500,2019-03-01,07:01:03,6.006,5.403,3.009,0.982,1,0.873,132.7,132.6,129.9,46.04,40.56,26.54,3731
527,8500,2019-03-01,07:06:14,4.91,3.858,2.72,0.996,0.974,0.827,133.3,134.3,132.1,37.24,29.45,24.81,3732
528,8500,2019-03-01,07:11:24,5.157,3.83,3.319,0.997,0.974,0.837,133.8,134.2,130.8,38.61,29.28,30.29,3733
529,8500,2019-03-01,07:16:35,5.156,3.833,3.319,0.997,0.974,0.837,134.3,134.1,131,38.48,29.34,30.21,3734
530,8500,2019-03-01,07:21:45,4.982,3.858,2.691,0.988,0.974,0.827,134.1,135.1,131.2,37.53,29.31,24.84,3736
531,8500,2019-03-01,07:26:56,4.908,3.852,2.729,0.988,0.974,0.827,133.6,134.7,132.5,37.16,29.34,24.83,3737
532,8500,2019-03-01,07:32:06,4.939,3.832,2.74,0.995,0.974,0.828,133.7,134.2,132.5,37.36,29.31,24.88,3738
533,8500,2019-03-01,07:37:16,5.068,3.848,2.729,0.997,0.974,0.827,133.2,134.5,132.3,38.15,29.36,24.86,3739
534,8500,2019-03-01,07:42:27,5.079,3.871,2.716,0.989,0.974,0.827,132.9,135.2,132.4,38.33,29.38,24.78,3739
535,8500,2019-03-01,07:47:37,4.974,3.854,2.689,0.988,0.974,0.829,134.1,135.1,131.6,37.47,29.26,24.77,3741
536,8500,2019-03-01,07:52:48,4.922,3.838,2.745,0.988,0.974,0.827,133.5,134.5,132.7,37.3,29.3,24.86,3742
537,8500,2019-03-01,07:57:58,4.903,3.885,2.7,0.997,0.973,0.827,132.8,135.3,131.8,37.34,29.44,24.79,3743
538,8500,2019-03-01,08:03:09,5.134,3.862,2.693,0.997,0.974,0.827,133.2,135,131.4,38.64,29.35,24.83,3744
539,8500,2019-03-01,08:08:19,5.102,3.893,2.687,0.988,0.974,0.827,132.8,135.2,131.3,38.53,29.52,24.79,3745
540,8500,2019-03-01,08:13:29,4.897,4.008,2.621,0.988,0.983,0.826,133.1,135.1,131.8,37.22,30.14,24.09,3746
541,8500,2019-03-01,08:18:40,4.923,4.007,2.61,0.989,0.983,0.826,133.2,134.9,131.5,37.38,30.17,24.07,3747
542,8500,2019-03-01,08:23:50,5.062,3.987,2.635,0.997,0.983,0.826,132.9,134.7,131.8,38.2,30.09,24.17,3748
543,8500,2019-03-01,08:29:01,5.086,3.895,2.613,0.996,0.974,0.825,132.5,134.6,131.3,38.48,29.65,24.13,3749
544,8500,2019-03-01,08:34:11,4.914,3.85,2.657,0.988,0.974,0.826,132.7,133.8,132.3,37.45,29.51,24.21,3750
545,8500,2019-03-01,08:39:22,4.954,3.879,2.604,0.988,0.974,0.826,133.1,134.9,131.2,37.64,29.49,24.09,3751
546,8500,2019-03-01,08:44:32,4.906,3.873,2.639,0.991,0.974,0.826,132.6,134.4,131.7,37.44,29.56,24.23,3752
547,8500,2019-03-01,08:49:43,5.099,3.878,2.609,0.996,0.974,0.826,132.6,134.2,130.6,38.55,29.62,24.24,3753
548,8500,2019-03-01,08:54:53,6.595,3.849,2.625,1,0.974,0.824,132.1,133.9,130.9,49.74,29.49,24.35,3754
549,8500,2019-03-01,09:00:04,6.239,3.841,2.667,0.998,0.974,0.824,131.7,134,132.1,47.42,29.43,24.35,3755
550,8500,2019-03-01,09:05:14,5.002,3.89,2.613,0.988,0.974,0.826,131.7,133.7,130.8,38.4,29.81,24.21,3756
551,8500,2019-03-01,09:10:24,4.994,3.864,2.639,0.996,0.974,0.826,131.8,133.1,131.2,38.32,29.74,24.3,3757
552,8500,2019-03-01,09:15:35,5.255,3.833,2.647,0.996,0.974,0.825,134,134,131.9,39.33,29.37,24.28,3758
553,8500,2019-03-01,09:20:45,5.251,3.826,2.638,0.996,0.974,0.825,133.8,133.8,131.7,39.35,29.37,24.23,3759
554,8500,2019-03-01,09:25:56,5.038,3.833,2.661,0.988,0.974,0.825,133.1,133.5,132,38.27,29.45,24.27,3760
555,8500,2019-03-01,09:31:06,5.081,3.877,2.609,0.994,0.974,0.825,132.9,134.6,131,38.64,29.54,24.2,3761
556,8500,2019-03-01,09:36:17,5.019,3.88,2.617,0.995,0.974,0.825,132.3,134.5,131.3,38.38,29.56,24.17,3762
557,8500,2019-03-01,09:41:27,5.206,3.836,2.666,0.996,0.974,0.825,133.1,134.2,132.3,39.21,29.36,24.32,3763
558,8500,2019-03-01,09:46:37,5.161,4.003,2.638,0.994,0.974,0.825,132.4,135,132.7,39.1,30.4,24.08,3764
559,8500,2019-03-01,09:57:00,5.046,4.016,2.609,0.995,0.975,0.825,132.9,134.9,131.1,38.4,30.5,24.19,3766
560,8500,2019-03-01,10:02:11,5.265,3.982,2.626,0.996,0.975,0.825,133.7,134.5,131.6,39.46,30.37,24.21,3767
561,8500,2019-03-01,10:07:21,5.095,3.978,2.637,0.988,0.975,0.826,133.8,134,131.4,38.47,30.46,24.28,3768
562,8500,2019-03-01,10:12:32,5.003,4.069,2.646,0.988,0.975,0.826,133,134.6,132.8,38.06,30.98,24.1,3769
563,8500,2019-03-01,10:17:42,5.192,4.061,2.663,0.996,0.974,0.826,133.1,133.5,131.8,39.11,31.2,24.33,3770
564,8500,2019-03-01,10:22:52,5.197,4.06,2.667,0.996,0.974,0.826,133.4,133.6,132.6,39.07,31.18,24.23,3771
565,8500,2019-03-01,10:28:03,5.096,4.037,2.636,0.996,0.974,0.826,134.3,133.8,131.6,38.35,30.95,24.23,3772
566,8500,2019-03-01,10:33:13,5.26,4.062,2.695,0.996,0.974,0.827,134,133.9,131,39.34,31.12,24.9,3773
567,8500,2019-03-01,10:38:24,5.017,4.075,2.715,0.988,0.974,0.828,132.3,133.7,131.6,38.36,31.22,24.9,3774
568,8500,2019-03-01,10:43:34,5.17,4.093,2.719,0.996,0.974,0.828,132.5,134.3,131.8,39.13,31.23,24.9,3775
569,8500,2019-03-01,10:53:52,5.025,4.192,2.625,0.991,0.983,0.827,132.7,134.3,131.1,38.28,31.7,24.23,3777
570,8500,2019-03-01,10:59:02,5.175,4.181,2.633,0.997,0.983,0.827,132.2,133.7,131.6,39.26,31.74,24.2,3778
571,8500,2019-03-01,11:04:13,5.04,4.094,2.66,0.996,0.983,0.827,133.4,133.1,132,38.2,31.28,24.27,3779
572,8500,2019-03-01,11:14:30,5.211,4.02,2.613,0.996,0.983,0.827,132.9,133.7,131,39.32,30.76,24.21,3782
573,8500,2019-03-01,11:24:53,5.03,3.92,2.618,0.996,0.983,0.827,132,133.7,131.3,38.5,30.02,24.2,3784
574,8500,2019-03-01,11:35:16,5.254,3.971,2.631,0.997,0.976,0.827,133.1,133.4,130.7,39.55,30.5,24.37,3786
575,8500,2019-03-01,11:40:26,5.208,3.967,2.677,0.997,0.976,0.827,132.4,132.8,131.7,39.45,30.62,24.46,3787
576,8500,2019-03-01,12:01:08,5.259,3.964,2.657,0.997,0.975,0.827,133,133.3,131,39.62,30.5,24.5,3791
577,8500,2019-03-01,12:06:19,5.282,3.992,2.627,0.989,0.976,0.827,132.9,133.6,130.7,39.81,30.61,24.31,3792
578,8500,2019-03-01,12:11:29,5.251,3.956,2.668,0.997,0.976,0.827,132.9,132.9,131.9,39.58,30.51,24.35,3793
